{
    "version": "2026-02-04",
    "notes": "Latitude and Longitude for major US cities to calculate moving distances.",
    "cities": [
        {
            "city": "New York",
            "state": "NY",
            "lat": 40.7128,
            "lng": -74.0060
        },
        {
            "city": "Los Angeles",
            "state": "CA",
            "lat": 34.0522,
            "lng": -118.2437
        },
        {
            "city": "Chicago",
            "state": "IL",
            "lat": 41.8781,
            "lng": -87.6298
        },
        {
            "city": "Houston",
            "state": "TX",
            "lat": 29.7604,
            "lng": -95.3698
        },
        {
            "city": "Phoenix",
            "state": "AZ",
            "lat": 33.4484,
            "lng": -112.0740
        },
        {
            "city": "Philadelphia",
            "state": "PA",
            "lat": 39.9526,
            "lng": -75.1652
        },
        {
            "city": "San Antonio",
            "state": "TX",
            "lat": 29.4241,
            "lng": -98.4936
        },
        {
            "city": "San Diego",
            "state": "CA",
            "lat": 32.7157,
            "lng": -117.1611
        },
        {
            "city": "Dallas",
            "state": "TX",
            "lat": 32.7767,
            "lng": -96.7970
        },
        {
            "city": "San Jose",
            "state": "CA",
            "lat": 37.3382,
            "lng": -121.8863
        },
        {
            "city": "Austin",
            "state": "TX",
            "lat": 30.2672,
            "lng": -97.7431
        },
        {
            "city": "Jacksonville",
            "state": "FL",
            "lat": 30.3322,
            "lng": -81.6557
        },
        {
            "city": "Fort Worth",
            "state": "TX",
            "lat": 32.7555,
            "lng": -97.3308
        },
        {
            "city": "Columbus",
            "state": "OH",
            "lat": 39.9612,
            "lng": -82.9988
        },
        {
            "city": "Indianapolis",
            "state": "IN",
            "lat": 39.7684,
            "lng": -86.1581
        },
        {
            "city": "Charlotte",
            "state": "NC",
            "lat": 35.2271,
            "lng": -80.8431
        },
        {
            "city": "San Francisco",
            "state": "CA",
            "lat": 37.7749,
            "lng": -122.4194
        },
        {
            "city": "Seattle",
            "state": "WA",
            "lat": 47.6062,
            "lng": -122.3321
        },
        {
            "city": "Denver",
            "state": "CO",
            "lat": 39.7392,
            "lng": -104.9903
        },
        {
            "city": "Oklahoma City",
            "state": "OK",
            "lat": 35.4676,
            "lng": -97.5164
        },
        {
            "city": "Nashville",
            "state": "TN",
            "lat": 36.1627,
            "lng": -86.7816
        },
        {
            "city": "El Paso",
            "state": "TX",
            "lat": 31.7619,
            "lng": -106.4850
        },
        {
            "city": "Washington",
            "state": "DC",
            "lat": 38.9072,
            "lng": -77.0369
        },
        {
            "city": "Las Vegas",
            "state": "NV",
            "lat": 36.1699,
            "lng": -115.1398
        },
        {
            "city": "Boston",
            "state": "MA",
            "lat": 42.3601,
            "lng": -71.0589
        },
        {
            "city": "Portland",
            "state": "OR",
            "lat": 45.5152,
            "lng": -122.6784
        },
        {
            "city": "Louisville",
            "state": "KY",
            "lat": 38.2527,
            "lng": -85.7585
        },
        {
            "city": "Memphis",
            "state": "TN",
            "lat": 35.1495,
            "lng": -90.0490
        },
        {
            "city": "Detroit",
            "state": "MI",
            "lat": 42.3314,
            "lng": -83.0458
        },
        {
            "city": "Baltimore",
            "state": "MD",
            "lat": 39.2904,
            "lng": -76.6122
        },
        {
            "city": "Milwaukee",
            "state": "WI",
            "lat": 43.0389,
            "lng": -87.9065
        },
        {
            "city": "Albuquerque",
            "state": "NM",
            "lat": 35.0844,
            "lng": -106.6504
        },
        {
            "city": "Tucson",
            "state": "AZ",
            "lat": 32.2226,
            "lng": -110.9747
        },
        {
            "city": "Fresno",
            "state": "CA",
            "lat": 36.7378,
            "lng": -119.7871
        },
        {
            "city": "Sacramento",
            "state": "CA",
            "lat": 38.5816,
            "lng": -121.4944
        },
        {
            "city": "Kansas City",
            "state": "MO",
            "lat": 39.0997,
            "lng": -94.5786
        },
        {
            "city": "Mesa",
            "state": "AZ",
            "lat": 33.4152,
            "lng": -111.8315
        },
        {
            "city": "Atlanta",
            "state": "GA",
            "lat": 33.7490,
            "lng": -84.3880
        },
        {
            "city": "Omaha",
            "state": "NE",
            "lat": 41.2565,
            "lng": -95.9345
        },
        {
            "city": "Colorado Springs",
            "state": "CO",
            "lat": 38.8339,
            "lng": -104.8214
        },
        {
            "city": "Raleigh",
            "state": "NC",
            "lat": 35.7796,
            "lng": -78.6382
        },
        {
            "city": "Long Beach",
            "state": "CA",
            "lat": 33.7701,
            "lng": -118.1937
        },
        {
            "city": "Virginia Beach",
            "state": "VA",
            "lat": 36.8529,
            "lng": -75.9780
        },
        {
            "city": "Miami",
            "state": "FL",
            "lat": 25.7617,
            "lng": -80.1918
        },
        {
            "city": "Oakland",
            "state": "CA",
            "lat": 37.8044,
            "lng": -122.2711
        },
        {
            "city": "Minneapolis",
            "state": "MN",
            "lat": 44.9778,
            "lng": -93.2650
        },
        {
            "city": "Tulsa",
            "state": "OK",
            "lat": 36.1540,
            "lng": -95.9928
        },
        {
            "city": "Bakersfield",
            "state": "CA",
            "lat": 35.3733,
            "lng": -119.0187
        },
        {
            "city": "Wichita",
            "state": "KS",
            "lat": 37.6872,
            "lng": -97.3301
        },
        {
            "city": "Arlington",
            "state": "TX",
            "lat": 32.7357,
            "lng": -97.1081
        },
        {
            "city": "Aurora",
            "state": "CO",
            "lat": 39.7294,
            "lng": -104.8319
        },
        {
            "city": "Tampa",
            "state": "FL",
            "lat": 27.9506,
            "lng": -82.4572
        },
        {
            "city": "New Orleans",
            "state": "LA",
            "lat": 29.9511,
            "lng": -90.0715
        },
        {
            "city": "Cleveland",
            "state": "OH",
            "lat": 41.4993,
            "lng": -81.6944
        },
        {
            "city": "Honolulu",
            "state": "HI",
            "lat": 21.3069,
            "lng": -157.8583
        },
        {
            "city": "Anaheim",
            "state": "CA",
            "lat": 33.8366,
            "lng": -117.9143
        },
        {
            "city": "Lexington",
            "state": "KY",
            "lat": 38.0406,
            "lng": -84.5037
        },
        {
            "city": "Stockton",
            "state": "CA",
            "lat": 37.9577,
            "lng": -121.2908
        },
        {
            "city": "Corpus Christi",
            "state": "TX",
            "lat": 27.8006,
            "lng": -97.3964
        },
        {
            "city": "Henderson",
            "state": "NV",
            "lat": 36.0395,
            "lng": -114.9817
        },
        {
            "city": "Riverside",
            "state": "CA",
            "lat": 33.9806,
            "lng": -117.3755
        },
        {
            "city": "Saint Paul",
            "state": "MN",
            "lat": 44.9537,
            "lng": -93.0900
        },
        {
            "city": "Newark",
            "state": "NJ",
            "lat": 40.7357,
            "lng": -74.1724
        },
        {
            "city": "Santa Ana",
            "state": "CA",
            "lat": 33.7456,
            "lng": -117.8677
        },
        {
            "city": "Cincinnati",
            "state": "OH",
            "lat": 39.1031,
            "lng": -84.5120
        },
        {
            "city": "Irvine",
            "state": "CA",
            "lat": 33.6846,
            "lng": -117.8265
        },
        {
            "city": "Orlando",
            "state": "FL",
            "lat": 28.5383,
            "lng": -81.3792
        },
        {
            "city": "Pittsburgh",
            "state": "PA",
            "lat": 40.4406,
            "lng": -79.9959
        },
        {
            "city": "St. Louis",
            "state": "MO",
            "lat": 38.6270,
            "lng": -90.1994
        },
        {
            "city": "Greensboro",
            "state": "NC",
            "lat": 36.0726,
            "lng": -79.7920
        },
        {
            "city": "Jersey City",
            "state": "NJ",
            "lat": 40.7178,
            "lng": -74.0431
        },
        {
            "city": "Anchorage",
            "state": "AK",
            "lat": 61.2181,
            "lng": -149.9003
        },
        {
            "city": "Lincoln",
            "state": "NE",
            "lat": 40.8136,
            "lng": -96.7026
        },
        {
            "city": "Plano",
            "state": "TX",
            "lat": 33.0198,
            "lng": -96.6989
        },
        {
            "city": "Durham",
            "state": "NC",
            "lat": 35.9940,
            "lng": -78.8986
        },
        {
            "city": "Buffalo",
            "state": "NY",
            "lat": 42.8864,
            "lng": -78.8784
        },
        {
            "city": "Chandler",
            "state": "AZ",
            "lat": 33.3062,
            "lng": -111.8413
        },
        {
            "city": "Chula Vista",
            "state": "CA",
            "lat": 32.6401,
            "lng": -117.0842
        },
        {
            "city": "Toledo",
            "state": "OH",
            "lat": 41.6528,
            "lng": -83.5379
        },
        {
            "city": "Madison",
            "state": "WI",
            "lat": 43.0731,
            "lng": -89.4012
        },
        {
            "city": "Gilbert",
            "state": "AZ",
            "lat": 33.3528,
            "lng": -111.7890
        },
        {
            "city": "Reno",
            "state": "NV",
            "lat": 39.5296,
            "lng": -119.8138
        },
        {
            "city": "Fort Wayne",
            "state": "IN",
            "lat": 41.0793,
            "lng": -85.1394
        },
        {
            "city": "North Las Vegas",
            "state": "NV",
            "lat": 36.1989,
            "lng": -115.1175
        },
        {
            "city": "St. Petersburg",
            "state": "FL",
            "lat": 27.7676,
            "lng": -82.6403
        },
        {
            "city": "Lubbock",
            "state": "TX",
            "lat": 33.5779,
            "lng": -101.8552
        },
        {
            "city": "Laredo",
            "state": "TX",
            "lat": 27.5036,
            "lng": -99.5076
        },
        {
            "city": "Irving",
            "state": "TX",
            "lat": 32.8140,
            "lng": -96.9489
        },
        {
            "city": "Chesapeake",
            "state": "VA",
            "lat": 36.7682,
            "lng": -76.2875
        },
        {
            "city": "Glendale",
            "state": "AZ",
            "lat": 33.5387,
            "lng": -112.1860
        },
        {
            "city": "Winston-Salem",
            "state": "NC",
            "lat": 36.0999,
            "lng": -80.2442
        },
        {
            "city": "Scottsdale",
            "state": "AZ",
            "lat": 33.4942,
            "lng": -111.9261
        },
        {
            "city": "Garland",
            "state": "TX",
            "lat": 32.9126,
            "lng": -96.6389
        },
        {
            "city": "Boise",
            "state": "ID",
            "lat": 43.6150,
            "lng": -116.2023
        },
        {
            "city": "Norfolk",
            "state": "VA",
            "lat": 36.8508,
            "lng": -76.2859
        },
        {
            "city": "Port St. Lucie",
            "state": "FL",
            "lat": 27.2730,
            "lng": -80.3582
        },
        {
            "city": "Spokane",
            "state": "WA",
            "lat": 47.6588,
            "lng": -117.4260
        },
        {
            "city": "Richmond",
            "state": "VA",
            "lat": 37.5407,
            "lng": -77.4360
        },
        {
            "city": "Fremont",
            "state": "CA",
            "lat": 37.5485,
            "lng": -121.9886
        },
        {
            "city": "Huntsville",
            "state": "AL",
            "lat": 34.7304,
            "lng": -86.5861
        },
        {
            "city": "Tacoma",
            "state": "WA",
            "lat": 47.2529,
            "lng": -122.4443
        },
        {
            "city": "Baton Rouge",
            "state": "LA",
            "lat": 30.4515,
            "lng": -91.1871
        },
        {
            "city": "Santa Clarita",
            "state": "CA",
            "lat": 34.3917,
            "lng": -118.5426
        },
        {
            "city": "San Bernardino",
            "state": "CA",
            "lat": 34.1083,
            "lng": -117.2898
        },
        {
            "city": "Hialeah",
            "state": "FL",
            "lat": 25.8576,
            "lng": -80.2781
        },
        {
            "city": "Frisco",
            "state": "TX",
            "lat": 33.1507,
            "lng": -96.8236
        },
        {
            "city": "Modesto",
            "state": "CA",
            "lat": 37.6391,
            "lng": -120.9969
        },
        {
            "city": "Cape Coral",
            "state": "FL",
            "lat": 26.5629,
            "lng": -81.9495
        },
        {
            "city": "Fontana",
            "state": "CA",
            "lat": 34.0922,
            "lng": -117.4350
        }
    ]
}